2006,1,Tyler,Justin,181.98,149.17,32.81,,Cole,AJ,143.64,116,27.64,,AJ,Cole,116,143.64,27.64,,,,,,,,Everett,Ben,161.93,139.6,22.33,,Matt,Gavin,247.07,241.53,5.54,,Justin,Tyler,149.17,181.98,32.81,,Ben,Everett,139.6,161.93,22.33,,Gavin,Matt,241.53,247.07,5.54,,,,,,
2006,2,Tyler,AJ,195.09,207.47,12.38,,Cole,Gavin,175.61,230.74,55.13,,AJ,Tyler,207.47,195.09,12.38,,,,,,,,Everett,Matt,150.57,195.7,45.13,,Matt,Everett,195.7,150.57,45.13,,Justin,Ben,158.69,157.83,0.86,,Ben,Justin,157.83,158.69,0.86,,Gavin,Cole,230.74,175.61,55.13,,,,,,
2006,3,Tyler,Gavin,119.44,170.97,51.53,,Cole,Everett,145.3,188.27,42.97,,AJ,Justin,170,158.23,11.77,,,,,,,,Everett,Cole,188.27,145.3,42.97,,Matt,Ben,192.73,180.1,12.63,,Justin,AJ,158.23,170,11.77,,Ben,Matt,180.1,192.73,12.63,,Gavin,Tyler,170.97,119.44,51.53,,,,,,
2006,4,Tyler,Everett,192.72,203.6,10.88,,Cole,Matt,135.17,206.14,70.97,,AJ,Ben,179.96,119.17,60.79,,,,,,,,Everett,Tyler,203.6,192.72,10.88,,Matt,Cole,206.14,135.17,70.97,,Justin,Gavin,191.96,157.8,34.16,,Ben,AJ,119.17,179.96,60.79,,Gavin,Justin,157.8,191.96,34.16,,,,,,
2006,5,Tyler,Matt,170.23,226.18,55.95,,Cole,Ben,148.13,146.51,1.62,,AJ,Gavin,206.76,151.33,55.43,,,,,,,,Everett,Justin,169.8,116.47,53.33,,Matt,Tyler,226.18,170.23,55.95,,Justin,Everett,116.47,169.8,53.33,,Ben,Cole,146.51,148.13,1.62,,Gavin,AJ,151.33,206.76,55.43,,,,,,
2006,6,Tyler,Cole,162.62,168.76,6.14,,Cole,Tyler,168.76,162.62,6.14,,AJ,Everett,200.2,192.7,7.5,,,,,,,,Everett,AJ,192.7,200.2,7.5,,Matt,Justin,191.83,155.24,36.59,,Justin,Matt,155.24,191.83,36.59,,Ben,Gavin,170.46,223.66,53.2,,Gavin,Ben,223.66,170.46,53.2,,,,,,
2006,7,Tyler,Ben,167.77,173.3,5.53,,Cole,Justin,223.86,172.67,51.19,,AJ,Matt,157.47,202.61,45.14,,,,,,,,Everett,Gavin,169.97,198.16,28.19,,Matt,AJ,202.61,157.47,45.14,,Justin,Cole,172.67,223.86,51.19,,Ben,Tyler,173.3,167.77,5.53,,Gavin,Everett,198.16,169.97,28.19,,,,,,
2006,8,Tyler,Justin,209.26,116.61,92.65,,Cole,AJ,127.03,193.6,66.57,,AJ,Cole,193.6,127.03,66.57,,,,,,,,Everett,Ben,211.4,161.9,49.5,,Matt,Gavin,215.81,263.97,48.16,,Justin,Tyler,116.61,209.26,92.65,,Ben,Everett,161.9,211.4,49.5,,Gavin,Matt,263.97,215.81,48.16,,,,,,
2006,9,Tyler,AJ,139.77,205.73,65.96,,Cole,Gavin,200.3,257.57,57.27,,AJ,Tyler,205.73,139.77,65.96,,,,,,,,Everett,Matt,189.2,192.67,3.47,,Matt,Everett,192.67,189.2,3.47,,Justin,Ben,132.1,143.63,11.53,,Ben,Justin,143.63,132.1,11.53,,Gavin,Cole,257.57,200.3,57.27,,,,,,
2006,10,Tyler,Gavin,166.35,226.94,60.59,,Cole,Everett,203.67,176.79,26.88,,AJ,Justin,164.77,114.96,49.81,,,,,,,,Everett,Cole,176.79,203.67,26.88,,Matt,Ben,193.2,247.33,54.13,,Justin,AJ,114.96,164.77,49.81,,Ben,Matt,247.33,193.2,54.13,,Gavin,Tyler,226.94,166.35,60.59,,,,,,
2006,11,Tyler,Everett,232,142.11,89.89,,Cole,Matt,128.3,198.57,70.27,,AJ,Ben,191.36,199.2,7.84,,,,,,,,Everett,Tyler,142.11,232,89.89,,Matt,Cole,198.57,128.3,70.27,,Justin,Gavin,127.27,232.63,105.36,,Ben,AJ,199.2,191.36,7.84,,Gavin,Justin,232.63,127.27,105.36,,,,,,
2006,12,Tyler,Matt,170.93,219.57,48.64,,Cole,Ben,207.83,166.71,41.12,,AJ,Gavin,206,208.12,2.12,,,,,,,,Everett,Justin,167.77,134.56,33.21,,Matt,Tyler,219.57,170.93,48.64,,Justin,Everett,134.56,167.77,33.21,,Ben,Cole,166.71,207.83,41.12,,Gavin,AJ,208.12,206,2.12,,,,,,
2006,13,Tyler,Cole,155.96,229.61,73.65,,Cole,Tyler,229.61,155.96,73.65,,AJ,Everett,162.97,146.08,16.89,,,,,,,,Everett,AJ,146.08,162.97,16.89,,Matt,Justin,179.89,164.28,15.61,,Justin,Matt,164.28,179.89,15.61,,Ben,Gavin,156.8,236,79.2,,Gavin,Ben,236,156.8,79.2,,,,,,
2007,1,Tyler,Everett,193.7,220.24,26.54,,Cole,Matt,166.83,197.91,31.08,,AJ,Gavin,170.11,167.27,2.84,,,,,,,,Everett,Tyler,220.24,193.7,26.54,,Matt,Cole,197.91,166.83,31.08,,Justin,Ben,132.64,175.44,42.8,,Ben,Justin,175.44,132.64,42.8,,Gavin,AJ,167.27,170.11,2.84,,,,,,
2007,2,Tyler,AJ,186.53,263.12,76.59,,Cole,Everett,181.33,207.76,26.43,,AJ,Tyler,263.12,186.53,76.59,,,,,,,,Everett,Cole,207.76,181.33,26.43,,Matt,Justin,213.51,151.27,62.24,,Justin,Matt,151.27,213.51,62.24,,Ben,Gavin,127.47,239.98,112.51,,Gavin,Ben,239.98,127.47,112.51,,,,,,
2007,3,Tyler,Ben,198.56,151.06,47.5,,Cole,Justin,183.56,199.87,16.31,,AJ,Everett,184.18,210.58,26.4,,,,,,,,Everett,AJ,210.58,184.18,26.4,,Matt,Gavin,197.14,182.43,14.71,,Justin,Cole,199.87,183.56,16.31,,Ben,Tyler,151.06,198.56,47.5,,Gavin,Matt,182.43,197.14,14.71,,,,,,
2007,4,Tyler,Matt,158.83,138.13,20.7,,Cole,AJ,155.18,143.02,12.16,,AJ,Cole,143.02,155.18,12.16,,,,,,,,Everett,Ben,232.55,161.42,71.13,,Matt,Tyler,138.13,158.83,20.7,,Justin,Gavin,170.26,163.06,7.2,,Ben,Everett,161.42,232.55,71.13,,Gavin,Justin,163.06,170.26,7.2,,,,,,
2007,5,Tyler,Justin,154.41,146.44,7.97,,Cole,Gavin,179.77,175.74,4.03,,AJ,Ben,172.36,121.05,51.31,,,,,,,,Everett,Matt,158.51,175.76,17.25,,Matt,Everett,175.76,158.51,17.25,,Justin,Tyler,146.44,154.41,7.97,,Ben,AJ,121.05,172.36,51.31,,Gavin,Cole,175.74,179.77,4.03,,,,,,
2007,6,Tyler,Gavin,169.81,172.86,3.05,,Cole,Ben,145.51,192.32,46.81,,AJ,Matt,162.55,250.19,87.64,,,,,,,,Everett,Justin,204.11,191.49,12.62,,Matt,AJ,250.19,162.55,87.64,,Justin,Everett,191.49,204.11,12.62,,Ben,Cole,192.32,145.51,46.81,,Gavin,Tyler,172.86,169.81,3.05,,,,,,
2007,7,Tyler,Cole,213.32,149.76,63.56,,Cole,Tyler,149.76,213.32,63.56,,AJ,Justin,152.76,169.23,16.47,,,,,,,,Everett,Gavin,217.67,167.33,50.34,,Matt,Ben,192.65,258.66,66.01,,Justin,AJ,169.23,152.76,16.47,,Ben,Matt,258.66,192.65,66.01,,Gavin,Everett,167.33,217.67,50.34,,,,,,
2007,8,Tyler,Everett,194.87,181.7,13.17,,Cole,Matt,130.17,165.12,34.95,,AJ,Gavin,166.68,169.76,3.08,,,,,,,,Everett,Tyler,181.7,194.87,13.17,,Matt,Cole,165.12,130.17,34.95,,Justin,Ben,178.71,179.11,0.4,,Ben,Justin,179.11,178.71,0.4,,Gavin,AJ,169.76,166.68,3.08,,,,,,
2007,9,Tyler,AJ,203.85,148.76,55.09,,Cole,Everett,143.05,215.33,72.28,,AJ,Tyler,148.76,203.85,55.09,,,,,,,,Everett,Cole,215.33,143.05,72.28,,Matt,Justin,182.16,217.43,35.27,,Justin,Matt,217.43,182.16,35.27,,Ben,Gavin,230.65,207.22,23.43,,Gavin,Ben,207.22,230.65,23.43,,,,,,
2007,10,Tyler,Ben,242.49,207.57,34.92,,Cole,Justin,148.9,204.89,55.99,,AJ,Everett,137.52,165,27.48,,,,,,,,Everett,AJ,165,137.52,27.48,,Matt,Gavin,170.82,144.5,26.32,,Justin,Cole,204.89,148.9,55.99,,Ben,Tyler,207.57,242.49,34.92,,Gavin,Matt,144.5,170.82,26.32,,,,,,
2007,11,Tyler,Matt,202.13,185.71,16.42,,Cole,AJ,212.96,176.96,36,,AJ,Cole,176.96,212.96,36,,,,,,,,Everett,Ben,227.46,136.89,90.57,,Matt,Tyler,185.71,202.13,16.42,,Justin,Gavin,180.86,162.98,17.88,,Ben,Everett,136.89,227.46,90.57,,Gavin,Justin,162.98,180.86,17.88,,,,,,
2007,12,Tyler,Justin,205.67,174.44,31.23,,Cole,Gavin,160.22,198.02,37.8,,AJ,Ben,172.2,169.45,2.75,,,,,,,,Everett,Matt,218.03,154.04,63.99,,Matt,Everett,154.04,218.03,63.99,,Justin,Tyler,174.44,205.67,31.23,,Ben,AJ,169.45,172.2,2.75,,Gavin,Cole,198.02,160.22,37.8,,,,,,
2007,13,Tyler,Gavin,207.56,187.52,20.04,,Cole,Ben,152.17,231.85,79.68,,AJ,Matt,155.52,188.82,33.3,,,,,,,,Everett,Justin,174.84,113.63,61.21,,Matt,AJ,188.82,155.52,33.3,,Justin,Everett,113.63,174.84,61.21,,Ben,Cole,231.85,152.17,79.68,,Gavin,Tyler,187.52,207.56,20.04,,,,,,
2008,1,Tyler,Justin,118.51,185.66,67.15,,Cole,Everett,146.15,176.98,30.83,,AJ,Cameron,149.64,186.27,36.63,,Cameron,AJ,186.27,149.64,36.63,,Everett,Cole,176.98,146.15,30.83,,Matt,Ben,152.3,167.68,15.38,,Justin,Tyler,185.66,118.51,67.15,,Ben,Matt,167.68,152.3,15.38,,Gavin,Andy,188.97,171.99,16.98,,Andy,Gavin,171.99,188.97,16.98
2008,2,Tyler,Gavin,125.81,127.66,1.85,,Cole,Justin,142.21,198.35,56.14,,AJ,Everett,174.28,177.28,3,,Cameron,Ben,219.34,147.1,72.24,,Everett,AJ,177.28,174.28,3,,Matt,Andy,117.67,179.32,61.65,,Justin,Cole,198.35,142.21,56.14,,Ben,Cameron,147.1,219.34,72.24,,Gavin,Tyler,127.66,125.81,1.85,,Andy,Matt,179.32,117.67,61.65
2008,3,Tyler,Matt,171.21,153.98,17.23,,Cole,AJ,154.55,171.86,17.31,,AJ,Cole,171.86,154.55,17.31,,Cameron,Andy,127.05,147.94,20.89,,Everett,Ben,185.63,175.56,10.07,,Matt,Tyler,153.98,171.21,17.23,,Justin,Gavin,200.51,137.5,63.01,,Ben,Everett,175.56,185.63,10.07,,Gavin,Justin,137.5,200.51,63.01,,Andy,Cameron,147.94,127.05,20.89
2008,4,Tyler,Cameron,216.79,184.02,32.77,,Cole,Gavin,182.44,163.58,18.86,,AJ,Ben,153.01,151.5,1.51,,Cameron,Tyler,184.02,216.79,32.77,,Everett,Andy,173.83,145.11,28.72,,Matt,Justin,156.84,153.42,3.42,,Justin,Matt,153.42,156.84,3.42,,Ben,AJ,151.5,153.01,1.51,,Gavin,Cole,163.58,182.44,18.86,,Andy,Everett,145.11,173.83,28.72
2008,5,Tyler,Everett,164.3,213.19,48.89,,Cole,Ben,179.98,151.16,28.82,,AJ,Andy,203.92,140.3,63.62,,Cameron,Justin,103.45,180.96,77.51,,Everett,Tyler,213.19,164.3,48.89,,Matt,Gavin,196.58,168.94,27.64,,Justin,Cameron,180.96,103.45,77.51,,Ben,Cole,151.16,179.98,28.82,,Gavin,Matt,168.94,196.58,27.64,,Andy,AJ,140.3,203.92,63.62
2008,6,Tyler,AJ,181.18,167.58,13.6,,Cole,Matt,162.18,135.05,27.13,,AJ,Tyler,167.58,181.18,13.6,,Cameron,Gavin,186.47,131.06,55.41,,Everett,Justin,184.96,210.37,25.41,,Matt,Cole,135.05,162.18,27.13,,Justin,Everett,210.37,184.96,25.41,,Ben,Andy,125.44,159.98,34.54,,Gavin,Cameron,131.06,186.47,55.41,,Andy,Ben,159.98,125.44,34.54
2008,7,Tyler,Ben,114.23,137.96,23.73,,Cole,Andy,102.57,173.54,70.97,,AJ,Justin,173.23,178.83,5.6,,Cameron,Matt,181.29,169.2,12.09,,Everett,Gavin,117.91,114.36,3.55,,Matt,Cameron,169.2,181.29,12.09,,Justin,AJ,178.83,173.23,5.6,,Ben,Tyler,137.96,114.23,23.73,,Gavin,Everett,114.36,117.91,3.55,,Andy,Cole,173.54,102.57,70.97
2008,8,Tyler,Andy,202.39,117.58,84.81,,Cole,Cameron,151,162.41,11.41,,AJ,Gavin,137.29,127.18,10.11,,Cameron,Cole,162.41,151,11.41,,Everett,Matt,147.97,163.77,15.8,,Matt,Everett,163.77,147.97,15.8,,Justin,Ben,205.81,114.09,91.72,,Ben,Justin,114.09,205.81,91.72,,Gavin,AJ,127.18,137.29,10.11,,Andy,Tyler,117.58,202.39,84.81
2008,9,Tyler,Cole,204.54,148.75,55.79,,Cole,Tyler,148.75,204.54,55.79,,AJ,Matt,184.61,152.47,32.14,,Cameron,Everett,172.52,162.2,10.32,,Everett,Cameron,162.2,172.52,10.32,,Matt,AJ,152.47,184.61,32.14,,Justin,Andy,131.72,171.8,40.08,,Ben,Gavin,162.86,156.9,5.96,,Gavin,Ben,156.9,162.86,5.96,,Andy,Justin,171.8,131.72,40.08
2008,10,Tyler,Justin,168.04,146.83,21.21,,Cole,Everett,180.57,190.78,10.21,,AJ,Cameron,125.07,230.78,105.71,,Cameron,AJ,230.78,125.07,105.71,,Everett,Cole,190.78,180.57,10.21,,Matt,Ben,171.84,161.91,9.93,,Justin,Tyler,146.83,168.04,21.21,,Ben,Matt,161.91,171.84,9.93,,Gavin,Andy,179.77,133.84,45.93,,Andy,Gavin,133.84,179.77,45.93
2008,11,Tyler,Gavin,170.99,160.62,10.37,,Cole,Justin,183.42,236.73,53.31,,AJ,Everett,172.77,175.48,2.71,,Cameron,Ben,186.08,141.19,44.89,,Everett,AJ,175.48,172.77,2.71,,Matt,Andy,124.81,116.14,8.67,,Justin,Cole,236.73,183.42,53.31,,Ben,Cameron,141.19,186.08,44.89,,Gavin,Tyler,160.62,170.99,10.37,,Andy,Matt,116.14,124.81,8.67
2008,12,Tyler,Matt,127.55,154.03,26.48,,Cole,AJ,169.4,217.1,47.7,,AJ,Cole,217.1,169.4,47.7,,Cameron,Andy,166.99,161.36,5.63,,Everett,Ben,167.64,166.15,1.49,,Matt,Tyler,154.03,127.55,26.48,,Justin,Gavin,244.52,242.54,1.98,,Ben,Everett,166.15,167.64,1.49,,Gavin,Justin,242.54,244.52,1.98,,Andy,Cameron,161.36,166.99,5.63
2008,13,Tyler,Cameron,145.15,235.63,90.48,,Cole,Gavin,110.3,135.87,25.57,,AJ,Ben,202.04,126.69,75.35,,Cameron,Tyler,235.63,145.15,90.48,,Everett,Andy,130.29,158.76,28.47,,Matt,Justin,231.68,158.41,73.27,,Justin,Matt,158.41,231.68,73.27,,Ben,AJ,126.69,202.04,75.35,,Gavin,Cole,135.87,110.3,25.57,,Andy,Everett,158.76,130.29,28.47
2009,1,Tyler,Matt,220.92,140.2,80.72,,Cole,Justin,195.91,201.49,5.58,,AJ,Andy,212.3,182.29,30.01,,Cameron,Gavin,206.69,157.08,49.61,,Everett,Ben,191.47,160.66,30.81,,Matt,Tyler,140.2,220.92,80.72,,Justin,Cole,201.49,195.91,5.58,,Ben,Everett,160.66,191.47,30.81,,Gavin,Cameron,157.08,206.69,49.61,,Andy,AJ,182.29,212.3,30.01
2009,2,Tyler,Cameron,168.24,183.77,15.53,,Cole,Matt,125.35,188.66,63.31,,AJ,Justin,235.66,174.38,61.28,,Cameron,Tyler,183.77,168.24,15.53,,Everett,Andy,194.98,176.45,18.53,,Matt,Cole,188.66,125.35,63.31,,Justin,AJ,174.38,235.66,61.28,,Ben,Gavin,205.1,148.24,56.86,,Gavin,Ben,148.24,205.1,56.86,,Andy,Everett,176.45,194.98,18.53
2009,3,Tyler,Cole,221.92,207.98,13.94,,Cole,Tyler,207.98,221.92,13.94,,AJ,Matt,185.8,185.57,0.23,,Cameron,Ben,191.84,154.88,36.96,,Everett,Justin,179.44,172.49,6.95,,Matt,AJ,185.57,185.8,0.23,,Justin,Everett,172.49,179.44,6.95,,Ben,Cameron,154.88,191.84,36.96,,Gavin,Andy,181.84,183.11,1.27,,Andy,Gavin,183.11,181.84,1.27
2009,4,Tyler,Ben,174.69,202.52,27.83,,Cole,AJ,182.17,239.22,57.05,,AJ,Cole,239.22,182.17,57.05,,Cameron,Andy,185.77,165.71,20.06,,Everett,Matt,171.24,166.15,5.09,,Matt,Everett,166.15,171.24,5.09,,Justin,Gavin,187.79,140.07,47.72,,Ben,Tyler,202.52,174.69,27.83,,Gavin,Justin,140.07,187.79,47.72,,Andy,Cameron,165.71,185.77,20.06
2009,5,Tyler,AJ,178.15,149.64,28.51,,Cole,Everett,187.26,153.52,33.74,,AJ,Tyler,149.64,178.15,28.51,,Cameron,Justin,217.57,150.36,67.21,,Everett,Cole,153.52,187.26,33.74,,Matt,Gavin,240.98,183.41,57.57,,Justin,Cameron,150.36,217.57,67.21,,Ben,Andy,246.04,112.96,133.08,,Gavin,Matt,183.41,240.98,57.57,,Andy,Ben,112.96,246.04,133.08
2009,6,Tyler,Andy,203.88,206.71,2.83,,Cole,Gavin,212.91,226.75,13.84,,AJ,Everett,139.1,220.55,81.45,,Cameron,Matt,257.01,195.14,61.87,,Everett,AJ,220.55,139.1,81.45,,Matt,Cameron,195.14,257.01,61.87,,Justin,Ben,175.13,170.97,4.16,,Ben,Justin,170.97,175.13,4.16,,Gavin,Cole,226.75,212.91,13.84,,Andy,Tyler,206.71,203.88,2.83
2009,7,Tyler,Everett,199.13,150.86,48.27,,Cole,Cameron,252.29,204.69,47.6,,AJ,Gavin,192.71,184.59,8.12,,Cameron,Cole,204.69,252.29,47.6,,Everett,Tyler,150.86,199.13,48.27,,Matt,Ben,191.79,142.77,49.02,,Justin,Andy,152.9,130.63,22.27,,Ben,Matt,142.77,191.79,49.02,,Gavin,AJ,184.59,192.71,8.12,,Andy,Justin,130.63,152.9,22.27
2009,8,Tyler,Justin,203.03,166.34,36.69,,Cole,Ben,175.71,129.12,46.59,,AJ,Cameron,168.94,199.67,30.73,,Cameron,AJ,199.67,168.94,30.73,,Everett,Gavin,172.62,161.43,11.19,,Matt,Andy,225.21,227.85,2.64,,Justin,Tyler,166.34,203.03,36.69,,Ben,Cole,129.12,175.71,46.59,,Gavin,Everett,161.43,172.62,11.19,,Andy,Matt,227.85,225.21,2.64
2009,9,Tyler,Gavin,173.58,125.08,48.5,,Cole,Andy,150.87,182.54,31.67,,AJ,Ben,180.4,159.22,21.18,,Cameron,Everett,228.9,195.68,33.22,,Everett,Cameron,195.68,228.9,33.22,,Matt,Justin,208.01,231.91,23.9,,Justin,Matt,231.91,208.01,23.9,,Ben,AJ,159.22,180.4,21.18,,Gavin,Tyler,125.08,173.58,48.5,,Andy,Cole,182.54,150.87,31.67
2009,10,Tyler,Matt,191.53,204.79,13.26,,Cole,Justin,166.55,146.55,20,,AJ,Andy,208.34,193.18,15.16,,Cameron,Gavin,182.35,214.01,31.66,,Everett,Ben,158.49,216.04,57.55,,Matt,Tyler,204.79,191.53,13.26,,Justin,Cole,146.55,166.55,20,,Ben,Everett,216.04,158.49,57.55,,Gavin,Cameron,214.01,182.35,31.66,,Andy,AJ,193.18,208.34,15.16
2009,11,Tyler,Cameron,210.6,222.19,11.59,,Cole,Matt,266.38,170.22,96.16,,AJ,Justin,164.07,216.28,52.21,,Cameron,Tyler,222.19,210.6,11.59,,Everett,Andy,151.55,160.55,9,,Matt,Cole,170.22,266.38,96.16,,Justin,AJ,216.28,164.07,52.21,,Ben,Gavin,177.7,137.77,39.93,,Gavin,Ben,137.77,177.7,39.93,,Andy,Everett,160.55,151.55,9
2009,12,Tyler,Cole,254.17,172.18,81.99,,Cole,Tyler,172.18,254.17,81.99,,AJ,Matt,170.03,234.28,64.25,,Cameron,Ben,231.91,172.2,59.71,,Everett,Justin,229.91,183.94,45.97,,Matt,AJ,234.28,170.03,64.25,,Justin,Everett,183.94,229.91,45.97,,Ben,Cameron,172.2,231.91,59.71,,Gavin,Andy,164.93,158.53,6.4,,Andy,Gavin,158.53,164.93,6.4
2009,13,Tyler,Ben,217.06,195.84,21.22,,Cole,AJ,179.47,238.67,59.2,,AJ,Cole,238.67,179.47,59.2,,Cameron,Andy,209.45,155.09,54.36,,Everett,Matt,170.42,210.62,40.2,,Matt,Everett,210.62,170.42,40.2,,Justin,Gavin,172.2,157.68,14.52,,Ben,Tyler,195.84,217.06,21.22,,Gavin,Justin,157.68,172.2,14.52,,Andy,Cameron,155.09,209.45,54.36
2010,1,Tyler,Cameron,200.22,162.08,38.14,,Cole,Everett,192.44,152.89,39.55,,AJ,Gavin,145.04,243.22,98.18,,Cameron,Tyler,162.08,200.22,38.14,,Everett,Cole,152.89,192.44,39.55,,Matt,Justin,175.36,194.05,18.69,,Justin,Matt,194.05,175.36,18.69,,Ben,Andy,202.13,145.08,57.05,,Gavin,AJ,243.22,145.04,98.18,,Andy,Ben,145.08,202.13,57.05
2010,2,Tyler,Gavin,196.16,244.3,48.14,,Cole,Cameron,192.82,271.41,78.59,,AJ,Ben,250.02,154.84,95.18,,Cameron,Cole,271.41,192.82,78.59,,Everett,Justin,145.12,184.36,39.24,,Matt,Andy,203.18,174.23,28.95,,Justin,Everett,184.36,145.12,39.24,,Ben,AJ,154.84,250.02,95.18,,Gavin,Tyler,244.3,196.16,48.14,,Andy,Matt,174.23,203.18,28.95
2010,3,Tyler,Ben,142.14,188.48,46.34,,Cole,Gavin,171.86,182.52,10.66,,AJ,Matt,232.09,187.96,44.13,,Cameron,Everett,220.78,249.68,28.9,,Everett,Cameron,249.68,220.78,28.9,,Matt,AJ,187.96,232.09,44.13,,Justin,Andy,173.81,258.27,84.46,,Ben,Tyler,188.48,142.14,46.34,,Gavin,Cole,182.52,171.86,10.66,,Andy,Justin,258.27,173.81,84.46
2010,4,Tyler,Matt,156.77,170,13.23,,Cole,Ben,205.5,207.54,2.04,,AJ,Andy,179.19,105.74,73.45,,Cameron,Justin,236.95,187.2,49.75,,Everett,Gavin,194.44,248.76,54.32,,Matt,Tyler,170,156.77,13.23,,Justin,Cameron,187.2,236.95,49.75,,Ben,Cole,207.54,205.5,2.04,,Gavin,Everett,248.76,194.44,54.32,,Andy,AJ,105.74,179.19,73.45
2010,5,Tyler,Andy,260.78,179.6,81.18,,Cole,Matt,191.76,243.02,51.26,,AJ,Justin,180.79,142.56,38.23,,Cameron,Gavin,197.17,152.11,45.06,,Everett,Ben,205.63,189.72,15.91,,Matt,Cole,243.02,191.76,51.26,,Justin,AJ,142.56,180.79,38.23,,Ben,Everett,189.72,205.63,15.91,,Gavin,Cameron,152.11,197.17,45.06,,Andy,Tyler,179.6,260.78,81.18
2010,6,Tyler,AJ,150.58,188.08,37.5,,Cole,Andy,200.14,181.68,18.46,,AJ,Tyler,188.08,150.58,37.5,,Cameron,Ben,180.94,162.1,18.84,,Everett,Matt,152.61,189.4,36.79,,Matt,Everett,189.4,152.61,36.79,,Justin,Gavin,194.24,174.69,19.55,,Ben,Cameron,162.1,180.94,18.84,,Gavin,Justin,174.69,194.24,19.55,,Andy,Cole,181.68,200.14,18.46
2010,7,Tyler,Justin,213.82,171.44,42.38,,Cole,AJ,210.16,192.65,17.51,,AJ,Cole,192.65,210.16,17.51,,Cameron,Matt,201.18,210.72,9.54,,Everett,Andy,195.34,200.19,4.85,,Matt,Cameron,210.72,201.18,9.54,,Justin,Tyler,171.44,213.82,42.38,,Ben,Gavin,174.86,161.93,12.93,,Gavin,Ben,161.93,174.86,12.93,,Andy,Everett,200.19,195.34,4.85
2010,8,Tyler,Cole,165.3,201.4,36.1,,Cole,Tyler,201.4,165.3,36.1,,AJ,Everett,190.27,155.68,34.59,,Cameron,Andy,176.97,105.95,71.02,,Everett,AJ,155.68,190.27,34.59,,Matt,Gavin,162,169.46,7.46,,Justin,Ben,218.6,242.64,24.04,,Ben,Justin,242.64,218.6,24.04,,Gavin,Matt,169.46,162,7.46,,Andy,Cameron,105.95,176.97,71.02
2010,9,Tyler,Everett,166.46,163.04,3.42,,Cole,Justin,154.46,244.46,90,,AJ,Cameron,230.48,192.93,37.55,,Cameron,AJ,192.93,230.48,37.55,,Everett,Tyler,163.04,166.46,3.42,,Matt,Ben,191.68,184.09,7.59,,Justin,Cole,244.46,154.46,90,,Ben,Matt,184.09,191.68,7.59,,Gavin,Andy,190.63,163.73,26.9,,Andy,Gavin,163.73,190.63,26.9
2010,10,Tyler,Cameron,218.88,234.06,15.18,,Cole,Everett,300.44,203.8,96.64,,AJ,Gavin,183.23,207.39,24.16,,Cameron,Tyler,234.06,218.88,15.18,,Everett,Cole,203.8,300.44,96.64,,Matt,Justin,168.8,171.77,2.97,,Justin,Matt,171.77,168.8,2.97,,Ben,Andy,212.03,178.12,33.91,,Gavin,AJ,207.39,183.23,24.16,,Andy,Ben,178.12,212.03,33.91
2010,11,Tyler,Gavin,242.54,179.02,63.52,,Cole,Cameron,158.26,227.21,68.95,,AJ,Ben,199.64,176.48,23.16,,Cameron,Cole,227.21,158.26,68.95,,Everett,Justin,232.61,262.9,30.29,,Matt,Andy,231.3,186.04,45.26,,Justin,Everett,262.9,232.61,30.29,,Ben,AJ,176.48,199.64,23.16,,Gavin,Tyler,179.02,242.54,63.52,,Andy,Matt,186.04,231.3,45.26
2010,12,Tyler,Ben,229.16,126.83,102.33,,Cole,Gavin,228.7,199.57,29.13,,AJ,Matt,181.44,177.35,4.09,,Cameron,Everett,218.48,196.61,21.87,,Everett,Cameron,196.61,218.48,21.87,,Matt,AJ,177.35,181.44,4.09,,Justin,Andy,179.46,136.22,43.24,,Ben,Tyler,126.83,229.16,102.33,,Gavin,Cole,199.57,228.7,29.13,,Andy,Justin,136.22,179.46,43.24
2010,13,Tyler,Matt,184.96,215.28,30.32,,Cole,Ben,178.2,190.65,12.45,,AJ,Andy,208.5,138.86,69.64,,Cameron,Justin,236.7,167.72,68.98,,Everett,Gavin,164.69,182.17,17.48,,Matt,Tyler,215.28,184.96,30.32,,Justin,Cameron,167.72,236.7,68.98,,Ben,Cole,190.65,178.2,12.45,,Gavin,Everett,182.17,164.69,17.48,,Andy,AJ,138.86,208.5,69.64
2011,1,Tyler,Cole,158.07,199.2,41.13,,Cole,Tyler,199.2,158.07,41.13,,AJ,Matt,182.9,250.1,67.2,,Cameron,Everett,167.01,174.5,7.49,,Everett,Cameron,174.5,167.01,7.49,,Matt,AJ,250.1,182.9,67.2,,Justin,Gavin,207.9,159.35,48.55,,Ben,Andy,197.26,192.85,4.41,,Gavin,Justin,159.35,207.9,48.55,,Andy,Ben,192.85,197.26,4.41
2011,2,Tyler,Justin,238.9,195.45,43.45,,Cole,Andy,187.4,159.03,28.37,,AJ,Cameron,184.4,194.7,10.3,,Cameron,AJ,194.7,184.4,10.3,,Everett,Ben,233.5,179.35,54.15,,Matt,Gavin,238.17,139.63,98.54,,Justin,Tyler,195.45,238.9,43.45,,Ben,Everett,179.35,233.5,54.15,,Gavin,Matt,139.63,238.17,98.54,,Andy,Cole,159.03,187.4,28.37
2011,3,Tyler,Matt,213.47,225.92,12.45,,Cole,Justin,179.85,238.4,58.55,,AJ,Ben,188.3,209.5,21.2,,Cameron,Gavin,146.99,166.27,19.28,,Everett,Andy,127,193,66,,Matt,Tyler,225.92,213.47,12.45,,Justin,Cole,238.4,179.85,58.55,,Ben,AJ,209.5,188.3,21.2,,Gavin,Cameron,166.27,146.99,19.28,,Andy,Everett,193,127,66
2011,4,Tyler,Cameron,211.53,223.99,12.46,,Cole,Matt,195.76,222.56,26.8,,AJ,Everett,196.47,161.83,34.64,,Cameron,Tyler,223.99,211.53,12.46,,Everett,AJ,161.83,196.47,34.64,,Matt,Cole,222.56,195.76,26.8,,Justin,Andy,192.3,154.1,38.2,,Ben,Gavin,219.77,148.25,71.52,,Gavin,Ben,148.25,219.77,71.52,,Andy,Justin,154.1,192.3,38.2
2011,5,Tyler,Ben,269.03,184.5,84.53,,Cole,Cameron,194.91,198.72,3.81,,AJ,Andy,178.98,159.14,19.84,,Cameron,Cole,198.72,194.91,3.81,,Everett,Gavin,144.26,187.35,43.09,,Matt,Justin,178.57,155.92,22.65,,Justin,Matt,155.92,178.57,22.65,,Ben,Tyler,184.5,269.03,84.53,,Gavin,Everett,187.35,144.26,43.09,,Andy,AJ,159.14,178.98,19.84
2011,6,Tyler,Everett,195.78,151.94,43.84,,Cole,Ben,190.37,151.46,38.91,,AJ,Gavin,203.32,98.53,104.79,,Cameron,Justin,165.2,174.31,9.11,,Everett,Tyler,151.94,195.78,43.84,,Matt,Andy,197.1,151.6,45.5,,Justin,Cameron,174.31,165.2,9.11,,Ben,Cole,151.46,190.37,38.91,,Gavin,AJ,98.53,203.32,104.79,,Andy,Matt,151.6,197.1,45.5
2011,7,Tyler,AJ,141.84,206.77,64.93,,Cole,Everett,138.92,126.2,12.72,,AJ,Tyler,206.77,141.84,64.93,,Cameron,Matt,170.31,185.25,14.94,,Everett,Cole,126.2,138.92,12.72,,Matt,Cameron,185.25,170.31,14.94,,Justin,Ben,138.55,159.67,21.12,,Ben,Justin,159.67,138.55,21.12,,Gavin,Andy,213.15,135.05,78.1,,Andy,Gavin,135.05,213.15,78.1
2011,8,Tyler,Gavin,172.89,206.83,33.94,,Cole,AJ,223.95,249.08,25.13,,AJ,Cole,249.08,223.95,25.13,,Cameron,Andy,170.47,115.67,54.8,,Everett,Justin,197.67,168.81,28.86,,Matt,Ben,190.35,197.13,6.78,,Justin,Everett,168.81,197.67,28.86,,Ben,Matt,197.13,190.35,6.78,,Gavin,Tyler,206.83,172.89,33.94,,Andy,Cameron,115.67,170.47,54.8
2011,9,Tyler,Andy,174.35,154.07,20.28,,Cole,Gavin,184.9,220.25,35.35,,AJ,Justin,178.75,172.9,5.85,,Cameron,Ben,207,193.72,13.28,,Everett,Matt,170.52,193.88,23.36,,Matt,Everett,193.88,170.52,23.36,,Justin,AJ,172.9,178.75,5.85,,Ben,Cameron,193.72,207,13.28,,Gavin,Cole,220.25,184.9,35.35,,Andy,Tyler,154.07,174.35,20.28
2011,10,Tyler,Cole,173.28,172.2,1.08,,Cole,Tyler,172.2,173.28,1.08,,AJ,Matt,185.37,225.62,40.25,,Cameron,Everett,183.27,162.82,20.45,,Everett,Cameron,162.82,183.27,20.45,,Matt,AJ,225.62,185.37,40.25,,Justin,Gavin,181.44,218.97,37.53,,Ben,Andy,127.4,146.85,19.45,,Gavin,Justin,218.97,181.44,37.53,,Andy,Ben,146.85,127.4,19.45
2011,11,Tyler,Justin,190.6,181.53,9.07,,Cole,Andy,176.01,107.25,68.76,,AJ,Cameron,176.02,231.73,55.71,,Cameron,AJ,231.73,176.02,55.71,,Everett,Ben,168.6,168.68,0.08,,Matt,Gavin,199.85,147.2,52.65,,Justin,Tyler,181.53,190.6,9.07,,Ben,Everett,168.68,168.6,0.08,,Gavin,Matt,147.2,199.85,52.65,,Andy,Cole,107.25,176.01,68.76
2011,12,Tyler,Matt,180.56,188.75,8.19,,Cole,Justin,183.4,169.55,13.85,,AJ,Ben,181.37,200.26,18.89,,Cameron,Gavin,208.43,219.57,11.14,,Everett,Andy,135.36,114.1,21.26,,Matt,Tyler,188.75,180.56,8.19,,Justin,Cole,169.55,183.4,13.85,,Ben,AJ,200.26,181.37,18.89,,Gavin,Cameron,219.57,208.43,11.14,,Andy,Everett,114.1,135.36,21.26
2011,13,Tyler,Cameron,171.17,251,79.83,,Cole,Matt,261.2,191.18,70.02,,AJ,Everett,222.63,151.05,71.58,,Cameron,Tyler,251,171.17,79.83,,Everett,AJ,151.05,222.63,71.58,,Matt,Cole,191.18,261.2,70.02,,Justin,Andy,143.62,127.45,16.17,,Ben,Gavin,162.3,173.67,11.37,,Gavin,Ben,173.67,162.3,11.37,,Andy,Justin,127.45,143.62,16.17
2012,1,Tyler,Cole,223.52,200.38,23.14,,Cole,Tyler,200.38,223.52,23.14,,AJ,Ben,217.16,207.11,10.05,,Cameron,Everett,204.75,158.08,46.67,,Everett,Cameron,158.08,204.75,46.67,,Matt,Gavin,150.54,205.79,55.25,,Justin,Andy,202.96,184.04,18.92,,Ben,AJ,207.11,217.16,10.05,,Gavin,Matt,205.79,150.54,55.25,,Andy,Justin,184.04,202.96,18.92
2012,2,Tyler,AJ,247.21,180.62,66.59,,Cole,Andy,177.78,178.56,0.78,,AJ,Tyler,180.62,247.21,66.59,,Cameron,Ben,179.05,204.8,25.75,,Everett,Gavin,220.16,183.6,36.56,,Matt,Justin,183.96,216.77,32.81,,Justin,Matt,216.77,183.96,32.81,,Ben,Cameron,204.8,179.05,25.75,,Gavin,Everett,183.6,220.16,36.56,,Andy,Cole,178.56,177.78,0.78
2012,3,Tyler,Cameron,223.47,173.95,49.52,,Cole,AJ,159.46,191.92,32.46,,AJ,Cole,191.92,159.46,32.46,,Cameron,Tyler,173.95,223.47,49.52,,Everett,Justin,245.49,185.4,60.09,,Matt,Andy,181.69,174.9,6.79,,Justin,Everett,185.4,245.49,60.09,,Ben,Gavin,183.26,192.72,9.46,,Gavin,Ben,192.72,183.26,9.46,,Andy,Matt,174.9,181.69,6.79
2012,4,Tyler,Gavin,256.27,177.34,78.93,,Cole,Cameron,250.11,210.05,40.06,,AJ,Andy,242.26,168.54,73.72,,Cameron,Cole,210.05,250.11,40.06,,Everett,Matt,171.18,168.4,2.78,,Matt,Everett,168.4,171.18,2.78,,Justin,Ben,242.34,228.94,13.4,,Ben,Justin,228.94,242.34,13.4,,Gavin,Tyler,177.34,256.27,78.93,,Andy,AJ,168.54,242.26,73.72
2012,5,Tyler,Justin,216.52,175.76,40.76,,Cole,Gavin,212.98,214.42,1.44,,AJ,Cameron,223.42,139.4,84.02,,Cameron,AJ,139.4,223.42,84.02,,Everett,Andy,215.59,174.7,40.89,,Matt,Ben,168.38,172.9,4.52,,Justin,Tyler,175.76,216.52,40.76,,Ben,Matt,172.9,168.38,4.52,,Gavin,Cole,214.42,212.98,1.44,,Andy,Everett,174.7,215.59,40.89
2012,6,Tyler,Matt,216.18,191.62,24.56,,Cole,Justin,227.24,172.8,54.44,,AJ,Gavin,193.99,198.5,4.51,,Cameron,Andy,236.41,171.84,64.57,,Everett,Ben,193.67,172.66,21.01,,Matt,Tyler,191.62,216.18,24.56,,Justin,Cole,172.8,227.24,54.44,,Ben,Everett,172.66,193.67,21.01,,Gavin,AJ,198.5,193.99,4.51,,Andy,Cameron,171.84,236.41,64.57
2012,7,Tyler,Everett,166.95,172.67,5.72,,Cole,Matt,177.21,162.44,14.77,,AJ,Justin,224.8,194.84,29.96,,Cameron,Gavin,188.8,153.46,35.34,,Everett,Tyler,172.67,166.95,5.72,,Matt,Cole,162.44,177.21,14.77,,Justin,AJ,194.84,224.8,29.96,,Ben,Andy,194.6,229.34,34.74,,Gavin,Cameron,153.46,188.8,35.34,,Andy,Ben,229.34,194.6,34.74
2012,8,Tyler,Ben,185.27,191.1,5.83,,Cole,Everett,246.59,161.36,85.23,,AJ,Matt,196.23,238.42,42.19,,Cameron,Justin,195.88,191.82,4.06,,Everett,Cole,161.36,246.59,85.23,,Matt,AJ,238.42,196.23,42.19,,Justin,Cameron,191.82,195.88,4.06,,Ben,Tyler,191.1,185.27,5.83,,Gavin,Andy,185.81,200.72,14.91,,Andy,Gavin,200.72,185.81,14.91
2012,9,Tyler,Andy,180.25,257.4,77.15,,Cole,Ben,184.81,139.25,45.56,,AJ,Everett,230.02,163.42,66.6,,Cameron,Matt,245.7,134.1,111.6,,Everett,AJ,163.42,230.02,66.6,,Matt,Cameron,134.1,245.7,111.6,,Justin,Gavin,195,186.72,8.28,,Ben,Cole,139.25,184.81,45.56,,Gavin,Justin,186.72,195,8.28,,Andy,Tyler,257.4,180.25,77.15
2012,10,Tyler,Cole,214.32,136.66,77.66,,Cole,Tyler,136.66,214.32,77.66,,AJ,Ben,235.24,176.08,59.16,,Cameron,Everett,187.08,186.78,0.3,,Everett,Cameron,186.78,187.08,0.3,,Matt,Gavin,218.4,197.6,20.8,,Justin,Andy,214.8,136.34,78.46,,Ben,AJ,176.08,235.24,59.16,,Gavin,Matt,197.6,218.4,20.8,,Andy,Justin,136.34,214.8,78.46
2012,11,Tyler,AJ,210.92,221.21,10.29,,Cole,Andy,217.44,219.46,2.02,,AJ,Tyler,221.21,210.92,10.29,,Cameron,Ben,152.78,188.66,35.88,,Everett,Gavin,174.72,179.26,4.54,,Matt,Justin,157.76,198.6,40.84,,Justin,Matt,198.6,157.76,40.84,,Ben,Cameron,188.66,152.78,35.88,,Gavin,Everett,179.26,174.72,4.54,,Andy,Cole,219.46,217.44,2.02
2012,12,Tyler,Cameron,227,220.2,6.8,,Cole,AJ,231.84,210.81,21.03,,AJ,Cole,210.81,231.84,21.03,,Cameron,Tyler,220.2,227,6.8,,Everett,Justin,206.21,202.04,4.17,,Matt,Andy,175.16,207.18,32.02,,Justin,Everett,202.04,206.21,4.17,,Ben,Gavin,155.95,199.81,43.86,,Gavin,Ben,199.81,155.95,43.86,,Andy,Matt,207.18,175.16,32.02
2012,13,Tyler,Gavin,213.51,191.92,21.59,,Cole,Cameron,190.11,199.06,8.95,,AJ,Andy,189.49,206.72,17.23,,Cameron,Cole,199.06,190.11,8.95,,Everett,Matt,251.44,190.32,61.12,,Matt,Everett,190.32,251.44,61.12,,Justin,Ben,208.26,132.6,75.66,,Ben,Justin,132.6,208.26,75.66,,Gavin,Tyler,191.92,213.51,21.59,,Andy,AJ,206.72,189.49,17.23
2013,1,Tyler,Andy,219.1,195.48,23.62,,Cole,Matt,241.18,217.52,23.66,,AJ,Everett,207.19,193.24,13.95,,Cameron,Ben,218.38,207.82,10.56,,Everett,AJ,193.24,207.19,13.95,,Matt,Cole,217.52,241.18,23.66,,Justin,Gavin,214.73,204.17,10.56,,Ben,Cameron,207.82,218.38,10.56,,Gavin,Justin,204.17,214.73,10.56,,Andy,Tyler,195.48,219.1,23.62
2013,2,Tyler,Cameron,233.06,189.82,43.24,,Cole,Justin,253.6,221.46,32.14,,AJ,Matt,241.79,193.7,48.09,,Cameron,Tyler,189.82,233.06,43.24,,Everett,Ben,181.45,130.3,51.15,,Matt,AJ,193.7,241.79,48.09,,Justin,Cole,221.46,253.6,32.14,,Ben,Everett,130.3,181.45,51.15,,Gavin,Andy,158.24,144.46,13.78,,Andy,Gavin,144.46,158.24,13.78
2013,3,Tyler,Gavin,231.07,218,13.07,,Cole,Andy,196.89,211.64,14.75,,AJ,Justin,187.4,207.54,20.14,,Cameron,Everett,174.05,205.24,31.19,,Everett,Cameron,205.24,174.05,31.19,,Matt,Ben,169.1,135.77,33.33,,Justin,AJ,207.54,187.4,20.14,,Ben,Matt,135.77,169.1,33.33,,Gavin,Tyler,218,231.07,13.07,,Andy,Cole,211.64,196.89,14.75
2013,4,Tyler,Cole,198.13,202.32,4.19,,Cole,Tyler,202.32,198.13,4.19,,AJ,Andy,201.64,202.75,1.11,,Cameron,Gavin,188.14,218.51,30.37,,Everett,Matt,208.64,209.58,0.94,,Matt,Everett,209.58,208.64,0.94,,Justin,Ben,248.47,228.98,19.49,,Ben,Justin,228.98,248.47,19.49,,Gavin,Cameron,218.51,188.14,30.37,,Andy,AJ,202.75,201.64,1.11
2013,5,Tyler,AJ,190.43,197.22,6.79,,Cole,Gavin,172.96,218.15,45.19,,AJ,Tyler,197.22,190.43,6.79,,Cameron,Matt,158.97,186.82,27.85,,Everett,Justin,198.15,224.56,26.41,,Matt,Cameron,186.82,158.97,27.85,,Justin,Everett,224.56,198.15,26.41,,Ben,Andy,139.72,225.16,85.44,,Gavin,Cole,218.15,172.96,45.19,,Andy,Ben,225.16,139.72,85.44
2013,6,Tyler,Ben,218.26,129.84,88.42,,Cole,Cameron,185.49,209.89,24.4,,AJ,Gavin,154.21,170.98,16.77,,Cameron,Cole,209.89,185.49,24.4,,Everett,Andy,205.6,164.23,41.37,,Matt,Justin,212.7,157.83,54.87,,Justin,Matt,157.83,212.7,54.87,,Ben,Tyler,129.84,218.26,88.42,,Gavin,AJ,170.98,154.21,16.77,,Andy,Everett,164.23,205.6,41.37
2013,7,Tyler,Everett,255.88,190.13,65.75,,Cole,AJ,184.92,180.63,4.29,,AJ,Cole,180.63,184.92,4.29,,Cameron,Justin,177.78,206.5,28.72,,Everett,Tyler,190.13,255.88,65.75,,Matt,Andy,151.65,191.84,40.19,,Justin,Cameron,206.5,177.78,28.72,,Ben,Gavin,166,190.83,24.83,,Gavin,Ben,190.83,166,24.83,,Andy,Matt,191.84,151.65,40.19
2013,8,Tyler,Matt,183.8,229.84,46.04,,Cole,Ben,184.5,158.22,26.28,,AJ,Cameron,142.63,186.06,43.43,,Cameron,AJ,186.06,142.63,43.43,,Everett,Gavin,225.11,207.3,17.81,,Matt,Tyler,229.84,183.8,46.04,,Justin,Andy,122.28,178.07,55.79,,Ben,Cole,158.22,184.5,26.28,,Gavin,Everett,207.3,225.11,17.81,,Andy,Justin,178.07,122.28,55.79
2013,9,Tyler,Justin,216.29,154.02,62.27,,Cole,Everett,230.83,203.05,27.78,,AJ,Ben,204.58,96.34,108.24,,Cameron,Andy,198.3,138.78,59.52,,Everett,Cole,203.05,230.83,27.78,,Matt,Gavin,231.99,208.96,23.03,,Justin,Tyler,154.02,216.29,62.27,,Ben,AJ,96.34,204.58,108.24,,Gavin,Matt,208.96,231.99,23.03,,Andy,Cameron,138.78,198.3,59.52
2013,10,Tyler,Andy,186.63,215.53,28.9,,Cole,Matt,192.8,195.46,2.66,,AJ,Everett,166.68,227.42,60.74,,Cameron,Ben,155.06,137.02,18.04,,Everett,AJ,227.42,166.68,60.74,,Matt,Cole,195.46,192.8,2.66,,Justin,Gavin,134.26,189.38,55.12,,Ben,Cameron,137.02,155.06,18.04,,Gavin,Justin,189.38,134.26,55.12,,Andy,Tyler,215.53,186.63,28.9
2013,11,Tyler,Cameron,202.74,152.32,50.42,,Cole,Justin,208.88,136.32,72.56,,AJ,Matt,195.79,192.16,3.63,,Cameron,Tyler,152.32,202.74,50.42,,Everett,Ben,206.92,192.2,14.72,,Matt,AJ,192.16,195.79,3.63,,Justin,Cole,136.32,208.88,72.56,,Ben,Everett,192.2,206.92,14.72,,Gavin,Andy,177.37,201.57,24.2,,Andy,Gavin,201.57,177.37,24.2
2013,12,Tyler,Gavin,148.54,176.95,28.41,,Cole,Andy,168.08,171.65,3.57,,AJ,Justin,162.47,159.71,2.76,,Cameron,Everett,147.7,219.26,71.56,,Everett,Cameron,219.26,147.7,71.56,,Matt,Ben,298.4,161.98,136.42,,Justin,AJ,159.71,162.47,2.76,,Ben,Matt,161.98,298.4,136.42,,Gavin,Tyler,176.95,148.54,28.41,,Andy,Cole,171.65,168.08,3.57
2013,13,Tyler,Cole,219.93,190.61,29.32,,Cole,Tyler,190.61,219.93,29.32,,AJ,Andy,164.79,209.72,44.93,,Cameron,Gavin,169.47,208.29,38.82,,Everett,Matt,215.54,235.07,19.53,,Matt,Everett,235.07,215.54,19.53,,Justin,Ben,214.12,218.41,4.29,,Ben,Justin,218.41,214.12,4.29,,Gavin,Cameron,208.29,169.47,38.82,,Andy,AJ,209.72,164.79,44.93
2014,1,Tyler,Justin,169.3,175.6,6.3,,Cole,Ben,188.72,173.89,14.83,,AJ,Matt,194.78,167.16,27.62,,Cameron,Everett,172.01,199.98,27.97,,Everett,Cameron,199.98,172.01,27.97,,Matt,AJ,167.16,194.78,27.62,,Justin,Tyler,175.6,169.3,6.3,,Ben,Cole,173.89,188.72,14.83,,Gavin,Andy,138.18,116.9,21.28,,Andy,Gavin,116.9,138.18,21.28
2014,2,Tyler,Cole,171.58,152.7,18.88,,Cole,Tyler,152.7,171.58,18.88,,AJ,Everett,167.58,128.58,39,,Cameron,Gavin,168.06,128.87,39.19,,Everett,AJ,128.58,167.58,39,,Matt,Ben,166.92,106.41,60.51,,Justin,Andy,192.68,154,38.68,,Ben,Matt,106.41,166.92,60.51,,Gavin,Cameron,128.87,168.06,39.19,,Andy,Justin,154,192.68,38.68
2014,3,Tyler,Matt,147.55,203.03,55.48,,Cole,Justin,166.85,161.01,5.84,,AJ,Gavin,167.24,185.25,18.01,,Cameron,Andy,193.68,134.22,59.46,,Everett,Ben,118.74,159.87,41.13,,Matt,Tyler,203.03,147.55,55.48,,Justin,Cole,161.01,166.85,5.84,,Ben,Everett,159.87,118.74,41.13,,Gavin,AJ,185.25,167.24,18.01,,Andy,Cameron,134.22,193.68,59.46
2014,4,Tyler,Everett,111.62,211.9,100.28,,Cole,Andy,166.54,180.1,13.56,,AJ,Cameron,186.46,182.51,3.95,,Cameron,AJ,182.51,186.46,3.95,,Everett,Tyler,211.9,111.62,100.28,,Matt,Justin,169.35,242.84,73.49,,Justin,Matt,242.84,169.35,73.49,,Ben,Gavin,174.92,165.89,9.03,,Gavin,Ben,165.89,174.92,9.03,,Andy,Cole,180.1,166.54,13.56
2014,5,Tyler,Gavin,145.14,204,58.86,,Cole,Matt,189.82,137.25,52.57,,AJ,Andy,198.75,221.46,22.71,,Cameron,Ben,155.2,161.67,6.47,,Everett,Justin,178.24,174.75,3.49,,Matt,Cole,137.25,189.82,52.57,,Justin,Everett,174.75,178.24,3.49,,Ben,Cameron,161.67,155.2,6.47,,Gavin,Tyler,204,145.14,58.86,,Andy,AJ,221.46,198.75,22.71
2014,6,Tyler,Cameron,216.28,175.46,40.82,,Cole,Everett,150.31,198.21,47.9,,AJ,Ben,124.08,160.14,36.06,,Cameron,Tyler,175.46,216.28,40.82,,Everett,Cole,198.21,150.31,47.9,,Matt,Andy,137.53,206.32,68.79,,Justin,Gavin,212.26,154.36,57.9,,Ben,AJ,160.14,124.08,36.06,,Gavin,Justin,154.36,212.26,57.9,,Andy,Matt,206.32,137.53,68.79
2014,7,Tyler,AJ,186.75,129.02,57.73,,Cole,Gavin,168.97,167.89,1.08,,AJ,Tyler,129.02,186.75,57.73,,Cameron,Justin,174.87,228.33,53.46,,Everett,Matt,159.06,119.66,39.4,,Matt,Everett,119.66,159.06,39.4,,Justin,Cameron,228.33,174.87,53.46,,Ben,Andy,165.68,181.14,15.46,,Gavin,Cole,167.89,168.97,1.08,,Andy,Ben,181.14,165.68,15.46
2014,8,Tyler,Ben,164.88,149.41,15.47,,Cole,Cameron,206.58,260.23,53.65,,AJ,Justin,181.44,218.13,36.69,,Cameron,Cole,260.23,206.58,53.65,,Everett,Andy,223.84,161.74,62.1,,Matt,Gavin,151.64,177.94,26.3,,Justin,AJ,218.13,181.44,36.69,,Ben,Tyler,149.41,164.88,15.47,,Gavin,Matt,177.94,151.64,26.3,,Andy,Everett,161.74,223.84,62.1
2014,9,Tyler,Andy,175.63,145.7,29.93,,Cole,AJ,187.16,152.37,34.79,,AJ,Cole,152.37,187.16,34.79,,Cameron,Matt,174.6,131.8,42.8,,Everett,Gavin,153.29,162.84,9.55,,Matt,Cameron,131.8,174.6,42.8,,Justin,Ben,148.45,202.62,54.17,,Ben,Justin,202.62,148.45,54.17,,Gavin,Everett,162.84,153.29,9.55,,Andy,Tyler,145.7,175.63,29.93
2014,10,Tyler,Justin,190.61,200.47,9.86,,Cole,Ben,205.84,115.78,90.06,,AJ,Matt,205.7,166.94,38.76,,Cameron,Everett,175.52,182.44,6.92,,Everett,Cameron,182.44,175.52,6.92,,Matt,AJ,166.94,205.7,38.76,,Justin,Tyler,200.47,190.61,9.86,,Ben,Cole,115.78,205.84,90.06,,Gavin,Andy,111.04,174.01,62.97,,Andy,Gavin,174.01,111.04,62.97
2014,11,Tyler,Cole,198.74,179.78,18.96,,Cole,Tyler,179.78,198.74,18.96,,AJ,Everett,200.92,184.2,16.72,,Cameron,Gavin,194.1,193.5,0.6,,Everett,AJ,184.2,200.92,16.72,,Matt,Ben,155.9,124.24,31.66,,Justin,Andy,184.29,120.18,64.11,,Ben,Matt,124.24,155.9,31.66,,Gavin,Cameron,193.5,194.1,0.6,,Andy,Justin,120.18,184.29,64.11
2014,12,Tyler,Matt,182.75,155.86,26.89,,Cole,Justin,175.61,192.06,16.45,,AJ,Gavin,211.32,187.5,23.82,,Cameron,Andy,193.52,174.72,18.8,,Everett,Ben,132.07,178.71,46.64,,Matt,Tyler,155.86,182.75,26.89,,Justin,Cole,192.06,175.61,16.45,,Ben,Everett,178.71,132.07,46.64,,Gavin,AJ,187.5,211.32,23.82,,Andy,Cameron,174.72,193.52,18.8
2014,13,Tyler,Everett,190.08,273.16,83.08,,Cole,Andy,184.33,173.16,11.17,,AJ,Cameron,243.84,198.02,45.82,,Cameron,AJ,198.02,243.84,45.82,,Everett,Tyler,273.16,190.08,83.08,,Matt,Justin,165.84,169.78,3.94,,Justin,Matt,169.78,165.84,3.94,,Ben,Gavin,147.08,154.42,7.34,,Gavin,Ben,154.42,147.08,7.34,,Andy,Cole,173.16,184.33,11.17
2015,1,Tyler,Cole,200.97,123.08,77.89,,Cole,Tyler,123.08,200.97,77.89,,AJ,Ben,203.24,202.36,0.88,,Cameron,Gavin,179.56,152.79,26.77,,Everett,Matt,165.04,178.08,13.04,,Matt,Everett,178.08,165.04,13.04,,Justin,Andy,193.55,176.26,17.29,,Ben,AJ,202.36,203.24,0.88,,Gavin,Cameron,152.79,179.56,26.77,,Andy,Justin,176.26,193.55,17.29
2015,2,Tyler,Everett,134.45,139.07,4.62,,Cole,Andy,180.32,153.41,26.91,,AJ,Gavin,194.56,121.25,73.31,,Cameron,Matt,228.3,182.41,45.89,,Everett,Tyler,139.07,134.45,4.62,,Matt,Cameron,182.41,228.3,45.89,,Justin,Ben,195.33,195.3,0.03,,Ben,Justin,195.3,195.33,0.03,,Gavin,AJ,121.25,194.56,73.31,,Andy,Cole,153.41,180.32,26.91
2015,3,Tyler,Cameron,155.99,231.6,75.61,,Cole,Everett,264.64,168.16,96.48,,AJ,Matt,162.22,169.86,7.64,,Cameron,Tyler,231.6,155.99,75.61,,Everett,Cole,168.16,264.64,96.48,,Matt,AJ,169.86,162.22,7.64,,Justin,Gavin,194.37,184.1,10.27,,Ben,Andy,219.33,202.25,17.08,,Gavin,Justin,184.1,194.37,10.27,,Andy,Ben,202.25,219.33,17.08
2015,4,Tyler,AJ,157.37,166.58,9.21,,Cole,Cameron,186.38,172.96,13.42,,AJ,Tyler,166.58,157.37,9.21,,Cameron,Cole,172.96,186.38,13.42,,Everett,Andy,125.46,140.62,15.16,,Matt,Justin,153.99,187.39,33.4,,Justin,Matt,187.39,153.99,33.4,,Ben,Gavin,160.91,171.6,10.69,,Gavin,Ben,171.6,160.91,10.69,,Andy,Everett,140.62,125.46,15.16
2015,5,Tyler,Justin,123.54,196.22,72.68,,Cole,AJ,199.92,145.38,54.54,,AJ,Cole,145.38,199.92,54.54,,Cameron,Everett,209.42,186.64,22.78,,Everett,Cameron,186.64,209.42,22.78,,Matt,Ben,178.38,168,10.38,,Justin,Tyler,196.22,123.54,72.68,,Ben,Matt,168,178.38,10.38,,Gavin,Andy,158.54,145.38,13.16,,Andy,Gavin,145.38,158.54,13.16
2015,6,Tyler,Ben,181.55,156.42,25.13,,Cole,Justin,174.38,215.96,41.58,,AJ,Everett,190.26,159.66,30.6,,Cameron,Andy,167.47,232.19,64.72,,Everett,AJ,159.66,190.26,30.6,,Matt,Gavin,188.79,181.5,7.29,,Justin,Cole,215.96,174.38,41.58,,Ben,Tyler,156.42,181.55,25.13,,Gavin,Matt,181.5,188.79,7.29,,Andy,Cameron,232.19,167.47,64.72
2015,7,Tyler,Gavin,188.62,197.13,8.51,,Cole,Ben,201.11,151.92,49.19,,AJ,Cameron,203.28,206.02,2.74,,Cameron,AJ,206.02,203.28,2.74,,Everett,Justin,159.05,250.02,90.97,,Matt,Andy,162.4,140.74,21.66,,Justin,Everett,250.02,159.05,90.97,,Ben,Cole,151.92,201.11,49.19,,Gavin,Tyler,197.13,188.62,8.51,,Andy,Matt,140.74,162.4,21.66
2015,8,Tyler,Matt,156.23,148.54,7.69,,Cole,Gavin,163.96,191.54,27.58,,AJ,Andy,203.86,200.68,3.18,,Cameron,Justin,199.67,181.27,18.4,,Everett,Ben,147.46,154,6.54,,Matt,Tyler,148.54,156.23,7.69,,Justin,Cameron,181.27,199.67,18.4,,Ben,Everett,154,147.46,6.54,,Gavin,Cole,191.54,163.96,27.58,,Andy,AJ,200.68,203.86,3.18
2015,9,Tyler,Andy,196.03,71.24,124.79,,Cole,Matt,169.28,228.28,59,,AJ,Justin,222.26,210.4,11.86,,Cameron,Ben,162.27,158.5,3.77,,Everett,Gavin,178.96,149.64,29.32,,Matt,Cole,228.28,169.28,59,,Justin,AJ,210.4,222.26,11.86,,Ben,Cameron,158.5,162.27,3.77,,Gavin,Everett,149.64,178.96,29.32,,Andy,Tyler,71.24,196.03,124.79
2015,10,Tyler,Cole,173.91,192.2,18.29,,Cole,Tyler,192.2,173.91,18.29,,AJ,Ben,221.7,176.06,45.64,,Cameron,Gavin,167.08,122.04,45.04,,Everett,Matt,131.87,216.76,84.89,,Matt,Everett,216.76,131.87,84.89,,Justin,Andy,207.1,131.85,75.25,,Ben,AJ,176.06,221.7,45.64,,Gavin,Cameron,122.04,167.08,45.04,,Andy,Justin,131.85,207.1,75.25
2015,11,Tyler,Everett,151.24,164.36,13.12,,Cole,Andy,133.75,144.85,11.1,,AJ,Gavin,189.38,126.55,62.83,,Cameron,Matt,147.15,172.66,25.51,,Everett,Tyler,164.36,151.24,13.12,,Matt,Cameron,172.66,147.15,25.51,,Justin,Ben,172.01,189.38,17.37,,Ben,Justin,189.38,172.01,17.37,,Gavin,AJ,126.55,189.38,62.83,,Andy,Cole,144.85,133.75,11.1
2015,12,Tyler,Cameron,229.3,204.49,24.81,,Cole,Everett,163.05,187.25,24.2,,AJ,Matt,169.8,180.82,11.02,,Cameron,Tyler,204.49,229.3,24.81,,Everett,Cole,187.25,163.05,24.2,,Matt,AJ,180.82,169.8,11.02,,Justin,Gavin,242.21,156.44,85.77,,Ben,Andy,213.4,123.6,89.8,,Gavin,Justin,156.44,242.21,85.77,,Andy,Ben,123.6,213.4,89.8
2015,13,Tyler,AJ,165.9,213.64,47.74,,Cole,Cameron,209.38,186.29,23.09,,AJ,Tyler,213.64,165.9,47.74,,Cameron,Cole,186.29,209.38,23.09,,Everett,Andy,171.81,155.82,15.99,,Matt,Justin,201.31,214.47,13.16,,Justin,Matt,214.47,201.31,13.16,,Ben,Gavin,235.75,183.98,51.77,,Gavin,Ben,183.98,235.75,51.77,,Andy,Everett,155.82,171.81,15.99
2016,1,Tyler,Cole,134.18,155.12,20.94,,Cole,Tyler,155.12,134.18,20.94,,AJ,Cameron,172.66,190.11,17.45,,Cameron,AJ,190.11,172.66,17.45,,Everett,Justin,196.43,192.6,3.83,,Matt,Andy,180.04,252.7,72.66,,Justin,Everett,192.6,196.43,3.83,,Ben,Gavin,169.96,161.98,7.98,,Gavin,Ben,161.98,169.96,7.98,,Andy,Matt,252.7,180.04,72.66
2016,2,Tyler,Andy,106.16,176.54,70.38,,Cole,Gavin,189.15,173.67,15.48,,AJ,Matt,159.18,156.53,2.65,,Cameron,Everett,185.63,170.94,14.69,,Everett,Cameron,170.94,185.63,14.69,,Matt,AJ,156.53,159.18,2.65,,Justin,Ben,167.88,201.92,34.04,,Ben,Justin,201.92,167.88,34.04,,Gavin,Cole,173.67,189.15,15.48,,Andy,Tyler,176.54,106.16,70.38
2016,3,Tyler,AJ,163.85,178.65,14.8,,Cole,Andy,176.89,118.02,58.87,,AJ,Tyler,178.65,163.85,14.8,,Cameron,Ben,154.49,175.3,20.81,,Everett,Matt,199.24,190.26,8.98,,Matt,Everett,190.26,199.24,8.98,,Justin,Gavin,132.78,248.87,116.09,,Ben,Cameron,175.3,154.49,20.81,,Gavin,Justin,248.87,132.78,116.09,,Andy,Cole,118.02,176.89,58.87
2016,4,Tyler,Everett,156,106.7,49.3,,Cole,AJ,210.04,197.65,12.39,,AJ,Cole,197.65,210.04,12.39,,Cameron,Justin,159.73,167.52,7.79,,Everett,Tyler,106.7,156,49.3,,Matt,Ben,142.5,169.48,26.98,,Justin,Cameron,167.52,159.73,7.79,,Ben,Matt,169.48,142.5,26.98,,Gavin,Andy,142.77,181.26,38.49,,Andy,Gavin,181.26,142.77,38.49
2016,5,Tyler,Ben,156.32,128.59,27.73,,Cole,Everett,140.13,167.08,26.95,,AJ,Andy,172.4,158.23,14.17,,Cameron,Gavin,167.7,148.48,19.22,,Everett,Cole,167.08,140.13,26.95,,Matt,Justin,183.54,214.94,31.4,,Justin,Matt,214.94,183.54,31.4,,Ben,Tyler,128.59,156.32,27.73,,Gavin,Cameron,148.48,167.7,19.22,,Andy,AJ,158.23,172.4,14.17
2016,6,Tyler,Justin,168.72,223.7,54.98,,Cole,Ben,218.87,143.37,75.5,,AJ,Gavin,148.6,157.08,8.48,,Cameron,Matt,154.49,136.71,17.78,,Everett,Andy,145.21,133.24,11.97,,Matt,Cameron,136.71,154.49,17.78,,Justin,Tyler,223.7,168.72,54.98,,Ben,Cole,143.37,218.87,75.5,,Gavin,AJ,157.08,148.6,8.48,,Andy,Everett,133.24,145.21,11.97
2016,7,Tyler,Cameron,167.7,120.66,47.04,,Cole,Justin,153.86,227.06,73.2,,AJ,Everett,190.51,165.62,24.89,,Cameron,Tyler,120.66,167.7,47.04,,Everett,AJ,165.62,190.51,24.89,,Matt,Gavin,149.07,191,41.93,,Justin,Cole,227.06,153.86,73.2,,Ben,Andy,174.04,201.38,27.34,,Gavin,Matt,191,149.07,41.93,,Andy,Ben,201.38,174.04,27.34
2016,8,Tyler,Matt,168.15,185.58,17.43,,Cole,Cameron,197.69,209.81,12.12,,AJ,Ben,146.87,159.89,13.02,,Cameron,Cole,209.81,197.69,12.12,,Everett,Gavin,163.59,184.05,20.46,,Matt,Tyler,185.58,168.15,17.43,,Justin,Andy,204.2,143.42,60.78,,Ben,AJ,159.89,146.87,13.02,,Gavin,Everett,184.05,163.59,20.46,,Andy,Justin,143.42,204.2,60.78
2016,9,Tyler,Gavin,156.33,217.47,61.14,,Cole,Matt,164.37,154.59,9.78,,AJ,Justin,169.36,190.85,21.49,,Cameron,Andy,110.16,172.95,62.79,,Everett,Ben,200.8,160.77,40.03,,Matt,Cole,154.59,164.37,9.78,,Justin,AJ,190.85,169.36,21.49,,Ben,Everett,160.77,200.8,40.03,,Gavin,Tyler,217.47,156.33,61.14,,Andy,Cameron,172.95,110.16,62.79
2016,10,Tyler,Cole,140.88,127.41,13.47,,Cole,Tyler,127.41,140.88,13.47,,AJ,Cameron,197.09,196.33,0.76,,Cameron,AJ,196.33,197.09,0.76,,Everett,Justin,160.51,225.39,64.88,,Matt,Andy,151.21,215.55,64.34,,Justin,Everett,225.39,160.51,64.88,,Ben,Gavin,196.93,191.14,5.79,,Gavin,Ben,191.14,196.93,5.79,,Andy,Matt,215.55,151.21,64.34
2016,11,Tyler,Andy,145.88,148.11,2.23,,Cole,Gavin,175.88,151.68,24.2,,AJ,Matt,159.97,150.48,9.49,,Cameron,Everett,144.11,168.04,23.93,,Everett,Cameron,168.04,144.11,23.93,,Matt,AJ,150.48,159.97,9.49,,Justin,Ben,225.45,177,48.45,,Ben,Justin,177,225.45,48.45,,Gavin,Cole,151.68,175.88,24.2,,Andy,Tyler,148.11,145.88,2.23
2016,12,Tyler,AJ,169.94,194.87,24.93,,Cole,Andy,175.02,151.55,23.47,,AJ,Tyler,194.87,169.94,24.93,,Cameron,Ben,160.8,163.3,2.5,,Everett,Matt,165.92,137.21,28.71,,Matt,Everett,137.21,165.92,28.71,,Justin,Gavin,231.48,189.9,41.58,,Ben,Cameron,163.3,160.8,2.5,,Gavin,Justin,189.9,231.48,41.58,,Andy,Cole,151.55,175.02,23.47
2016,13,Tyler,Everett,138.39,154.1,15.71,,Cole,AJ,163.12,176.36,13.24,,AJ,Cole,176.36,163.12,13.24,,Cameron,Justin,187.45,169.7,17.75,,Everett,Tyler,154.1,138.39,15.71,,Matt,Ben,141.95,200.28,58.33,,Justin,Cameron,169.7,187.45,17.75,,Ben,Matt,200.28,141.95,58.33,,Gavin,Andy,154.56,168.28,13.72,,Andy,Gavin,168.28,154.56,13.72
2017,1,Tyler,Cole,149.48,146.98,2.5,,Cole,Tyler,146.98,149.48,2.5,,AJ,Cameron,117.99,120.48,2.49,,Cameron,AJ,120.48,117.99,2.49,,Everett,Justin,162.07,183.05,20.98,,Matt,Andy,178.84,126.71,52.13,,Justin,Everett,183.05,162.07,20.98,,Ben,Gavin,133.16,175.3,42.14,,Gavin,Ben,175.3,133.16,42.14,,Andy,Matt,126.71,178.84,52.13
2017,2,Tyler,Andy,116.36,164.7,48.34,,Cole,Gavin,178.22,166.3,11.92,,AJ,Matt,109.66,175.88,66.22,,Cameron,Everett,182.16,154.05,28.11,,Everett,Cameron,154.05,182.16,28.11,,Matt,AJ,175.88,109.66,66.22,,Justin,Ben,178.33,121.05,57.28,,Ben,Justin,121.05,178.33,57.28,,Gavin,Cole,166.3,178.22,11.92,,Andy,Tyler,164.7,116.36,48.34
2017,3,Tyler,AJ,178.66,175.09,3.57,,Cole,Andy,199.04,147.48,51.56,,AJ,Tyler,175.09,178.66,3.57,,Cameron,Ben,172.05,137.47,34.58,,Everett,Matt,174.8,166.22,8.58,,Matt,Everett,166.22,174.8,8.58,,Justin,Gavin,128.78,169.28,40.5,,Ben,Cameron,137.47,172.05,34.58,,Gavin,Justin,169.28,128.78,40.5,,Andy,Cole,147.48,199.04,51.56
2017,4,Tyler,Everett,144.37,143.16,1.21,,Cole,AJ,196.34,189.41,6.93,,AJ,Cole,189.41,196.34,6.93,,Cameron,Justin,181.61,191.1,9.49,,Everett,Tyler,143.16,144.37,1.21,,Matt,Ben,190.04,106.14,83.9,,Justin,Cameron,191.1,181.61,9.49,,Ben,Matt,106.14,190.04,83.9,,Gavin,Andy,162.84,147.33,15.51,,Andy,Gavin,147.33,162.84,15.51
2017,5,Tyler,Ben,131.32,138.63,7.31,,Cole,Everett,152.84,189.12,36.28,,AJ,Andy,165.62,96.38,69.24,,Cameron,Gavin,156,158.85,2.85,,Everett,Cole,189.12,152.84,36.28,,Matt,Justin,200.5,220.18,19.68,,Justin,Matt,220.18,200.5,19.68,,Ben,Tyler,138.63,131.32,7.31,,Gavin,Cameron,158.85,156,2.85,,Andy,AJ,96.38,165.62,69.24
2017,6,Tyler,Justin,130.6,164.81,34.21,,Cole,Ben,218.93,125.54,93.39,,AJ,Gavin,158.36,168.53,10.17,,Cameron,Matt,145.64,137.54,8.1,,Everett,Andy,181.54,133.25,48.29,,Matt,Cameron,137.54,145.64,8.1,,Justin,Tyler,164.81,130.6,34.21,,Ben,Cole,125.54,218.93,93.39,,Gavin,AJ,168.53,158.36,10.17,,Andy,Everett,133.25,181.54,48.29
2017,7,Tyler,Cameron,169.24,167.93,1.31,,Cole,Justin,219.94,155.5,64.44,,AJ,Everett,168.03,202.35,34.32,,Cameron,Tyler,167.93,169.24,1.31,,Everett,AJ,202.35,168.03,34.32,,Matt,Gavin,149.64,188.42,38.78,,Justin,Cole,155.5,219.94,64.44,,Ben,Andy,162.68,177.98,15.3,,Gavin,Matt,188.42,149.64,38.78,,Andy,Ben,177.98,162.68,15.3
2017,8,Tyler,Matt,143.09,186.18,43.09,,Cole,Cameron,177.36,166.19,11.17,,AJ,Ben,166.85,160.86,5.99,,Cameron,Cole,166.19,177.36,11.17,,Everett,Gavin,161.38,139.79,21.59,,Matt,Tyler,186.18,143.09,43.09,,Justin,Andy,168.46,173.28,4.82,,Ben,AJ,160.86,166.85,5.99,,Gavin,Everett,139.79,161.38,21.59,,Andy,Justin,173.28,168.46,4.82
2017,9,Tyler,Gavin,170.4,185.5,15.1,,Cole,Matt,149.54,156.62,7.08,,AJ,Justin,138.7,149.84,11.14,,Cameron,Andy,119.94,194.32,74.38,,Everett,Ben,174.58,199.93,25.35,,Matt,Cole,156.62,149.54,7.08,,Justin,AJ,149.84,138.7,11.14,,Ben,Everett,199.93,174.58,25.35,,Gavin,Tyler,185.5,170.4,15.1,,Andy,Cameron,194.32,119.94,74.38
2017,10,Tyler,Cole,127.87,193.8,65.93,,Cole,Tyler,193.8,127.87,65.93,,AJ,Cameron,142.13,134.83,7.3,,Cameron,AJ,134.83,142.13,7.3,,Everett,Justin,184.68,152.02,32.66,,Matt,Andy,132.56,186.27,53.71,,Justin,Everett,152.02,184.68,32.66,,Ben,Gavin,161.23,192.35,31.12,,Gavin,Ben,192.35,161.23,31.12,,Andy,Matt,186.27,132.56,53.71
2017,11,Tyler,Andy,183.35,164.25,19.1,,Cole,Gavin,185.95,167.46,18.49,,AJ,Matt,175.06,171.08,3.98,,Cameron,Everett,207.99,185.63,22.36,,Everett,Cameron,185.63,207.99,22.36,,Matt,AJ,171.08,175.06,3.98,,Justin,Ben,168.65,128.1,40.55,,Ben,Justin,128.1,168.65,40.55,,Gavin,Cole,167.46,185.95,18.49,,Andy,Tyler,164.25,183.35,19.1
2017,12,Tyler,AJ,204.76,153.68,51.08,,Cole,Andy,155.26,156.7,1.44,,AJ,Tyler,153.68,204.76,51.08,,Cameron,Ben,163.83,155.88,7.95,,Everett,Matt,183.35,178.9,4.45,,Matt,Everett,178.9,183.35,4.45,,Justin,Gavin,181.9,138.81,43.09,,Ben,Cameron,155.88,163.83,7.95,,Gavin,Justin,138.81,181.9,43.09,,Andy,Cole,156.7,155.26,1.44
2017,13,Tyler,Everett,161.27,202.24,40.97,,Cole,AJ,219.91,155.08,64.83,,AJ,Cole,155.08,219.91,64.83,,Cameron,Justin,187.39,131.04,56.35,,Everett,Tyler,202.24,161.27,40.97,,Matt,Ben,167.3,124.8,42.5,,Justin,Cameron,131.04,187.39,56.35,,Ben,Matt,124.8,167.3,42.5,,Gavin,Andy,156.21,130.38,25.83,,Andy,Gavin,130.38,156.21,25.83
,,,,,,,,,,,,,,,,,,,,,,,,,,,,,,,,,,,,,,,,,,,,,,,,,,,,,,,,,,,,
,,,,,,,,,,,,,,,,,,,,,,,,,,,,,,,,,,,,,,,,,,,,,,,,,,,,,,,,,,,,
,,,,,,,,,,,,,,,,,,,,,,,,,,,,,,,,,,,,,,,,,,,,,,,,,,,,,,,,,,,,
,,,,,,,,,,,,,,,,,,,,,,,,,,,,,,,,,,,,,,,,,,,,,,,,,,,,,,,,,,,,
,,,,,,,,,,,,,,,,,,,,,,,,,,,,,,,,,,,,,,,,,,,,,,,,,,,,,,,,,,,,
,,,,,,,,,,,,,,,,,,,,,,,,,,,,,,,,,,,,,,,,,,,,,,,,,,,,,,,,,,,,
,,,,,,,,,,,,,,,,,,,,,,,,,,,,,,,,,,,,,,,,,,,,,,,,,,,,,,,,,,,,
,,,,,,,,,,,,,,,,,,,,,,,,,,,,,,,,,,,,,,,,,,,,,,,,,,,,,,,,,,,,
,,,,,,,,,,,,,,,,,,,,,,,,,,,,,,,,,,,,,,,,,,,,,,,,,,,,,,,,,,,,
,,,,,,,,,,,,,,,,,,,,,,,,,,,,,,,,,,,,,,,,,,,,,,,,,,,,,,,,,,,,
,,,,,,,,,,,,,,,,,,,,,,,,,,,,,,,,,,,,,,,,,,,,,,,,,,,,,,,,,,,,
,,,,,,,,,,,,,,,,,,,,,,,,,,,,,,,,,,,,,,,,,,,,,,,,,,,,,,,,,,,,
,,,,,,,,,,,,,,,,,,,,,,,,,,,,,,,,,,,,,,,,,,,,,,,,,,,,,,,,,,,,
,,,,,,,,,,,,,,,,,,,,,,,,,,,,,,,,,,,,,,,,,,,,,,,,,,,,,,,,,,,,
,,,,,,,,,,,,,,,,,,,,,,,,,,,,,,,,,,,,,,,,,,,,,,,,,,,,,,,,,,,,
,,,,,,,,,,,,,,,,,,,,,,,,,,,,,,,,,,,,,,,,,,,,,,,,,,,,,,,,,,,,
,,,,,,,,,,,,,,,,,,,,,,,,,,,,,,,,,,,,,,,,,,,,,,,,,,,,,,,,,,,,
,,,,,,,,,,,,,,,,,,,,,,,,,,,,,,,,,,,,,,,,,,,,,,,,,,,,,,,,,,,,
,,,,,,,,,,,,,,,,,,,,,,,,,,,,,,,,,,,,,,,,,,,,,,,,,,,,,,,,,,,,
,,,,,,,,,,,,,,,,,,,,,,,,,,,,,,,,,,,,,,,,,,,,,,,,,,,,,,,,,,,,
,,,,,,,,,,,,,,,,,,,,,,,,,,,,,,,,,,,,,,,,,,,,,,,,,,,,,,,,,,,,
,,,,,,,,,,,,,,,,,,,,,,,,,,,,,,,,,,,,,,,,,,,,,,,,,,,,,,,,,,,,
,,,,,,,,,,,,,,,,,,,,,,,,,,,,,,,,,,,,,,,,,,,,,,,,,,,,,,,,,,,,
,,,,,,,,,,,,,,,,,,,,,,,,,,,,,,,,,,,,,,,,,,,,,,,,,,,,,,,,,,,,
,,,,,,,,,,,,,,,,,,,,,,,,,,,,,,,,,,,,,,,,,,,,,,,,,,,,,,,,,,,,
,,,,,,,,,,,,,,,,,,,,,,,,,,,,,,,,,,,,,,,,,,,,,,,,,,,,,,,,,,,,
,,,,,,,,,,,,,,,,,,,,,,,,,,,,,,,,,,,,,,,,,,,,,,,,,,,,,,,,,,,,
,,,,,,,,,,,,,,,,,,,,,,,,,,,,,,,,,,,,,,,,,,,,,,,,,,,,,,,,,,,,
,,,,,,,,,,,,,,,,,,,,,,,,,,,,,,,,,,,,,,,,,,,,,,,,,,,,,,,,,,,,
,,,,,,,,,,,,,,,,,,,,,,,,,,,,,,,,,,,,,,,,,,,,,,,,,,,,,,,,,,,,
,,,,,,,,,,,,,,,,,,,,,,,,,,,,,,,,,,,,,,,,,,,,,,,,,,,,,,,,,,,,
,,,,,,,,,,,,,,,,,,,,,,,,,,,,,,,,,,,,,,,,,,,,,,,,,,,,,,,,,,,,
,,,,,,,,,,,,,,,,,,,,,,,,,,,,,,,,,,,,,,,,,,,,,,,,,,,,,,,,,,,,
,,,,,,,,,,,,,,,,,,,,,,,,,,,,,,,,,,,,,,,,,,,,,,,,,,,,,,,,,,,,
,,,,,,,,,,,,,,,,,,,,,,,,,,,,,,,,,,,,,,,,,,,,,,,,,,,,,,,,,,,,
,,,,,,,,,,,,,,,,,,,,,,,,,,,,,,,,,,,,,,,,,,,,,,,,,,,,,,,,,,,,
,,,,,,,,,,,,,,,,,,,,,,,,,,,,,,,,,,,,,,,,,,,,,,,,,,,,,,,,,,,,
,,,,,,,,,,,,,,,,,,,,,,,,,,,,,,,,,,,,,,,,,,,,,,,,,,,,,,,,,,,,
,,,,,,,,,,,,,,,,,,,,,,,,,,,,,,,,,,,,,,,,,,,,,,,,,,,,,,,,,,,,
,,,,,,,,,,,,,,,,,,,,,,,,,,,,,,,,,,,,,,,,,,,,,,,,,,,,,,,,,,,,
,,,,,,,,,,,,,,,,,,,,,,,,,,,,,,,,,,,,,,,,,,,,,,,,,,,,,,,,,,,,
,,,,,,,,,,,,,,,,,,,,,,,,,,,,,,,,,,,,,,,,,,,,,,,,,,,,,,,,,,,,
,,,,,,,,,,,,,,,,,,,,,,,,,,,,,,,,,,,,,,,,,,,,,,,,,,,,,,,,,,,,
,,,,,,,,,,,,,,,,,,,,,,,,,,,,,,,,,,,,,,,,,,,,,,,,,,,,,,,,,,,,
,,,,,,,,,,,,,,,,,,,,,,,,,,,,,,,,,,,,,,,,,,,,,,,,,,,,,,,,,,,,
,,,,,,,,,,,,,,,,,,,,,,,,,,,,,,,,,,,,,,,,,,,,,,,,,,,,,,,,,,,,
,,,,,,,,,,,,,,,,,,,,,,,,,,,,,,,,,,,,,,,,,,,,,,,,,,,,,,,,,,,,
,,,,,,,,,,,,,,,,,,,,,,,,,,,,,,,,,,,,,,,,,,,,,,,,,,,,,,,,,,,,
,,,,,,,,,,,,,,,,,,,,,,,,,,,,,,,,,,,,,,,,,,,,,,,,,,,,,,,,,,,,
,,,,,,,,,,,,,,,,,,,,,,,,,,,,,,,,,,,,,,,,,,,,,,,,,,,,,,,,,,,,
,,,,,,,,,,,,,,,,,,,,,,,,,,,,,,,,,,,,,,,,,,,,,,,,,,,,,,,,,,,,
,,,,,,,,,,,,,,,,,,,,,,,,,,,,,,,,,,,,,,,,,,,,,,,,,,,,,,,,,,,,
,,,,,,,,,,,,,,,,,,,,,,,,,,,,,,,,,,,,,,,,,,,,,,,,,,,,,,,,,,,,
,,,,,,,,,,,,,,,,,,,,,,,,,,,,,,,,,,,,,,,,,,,,,,,,,,,,,,,,,,,,
,,,,,,,,,,,,,,,,,,,,,,,,,,,,,,,,,,,,,,,,,,,,,,,,,,,,,,,,,,,,
,,,,,,,,,,,,,,,,,,,,,,,,,,,,,,,,,,,,,,,,,,,,,,,,,,,,,,,,,,,,
,,,,,,,,,,35.55,,,,,,,,,,,,,,,,,,,,,,,,,,,,,,,,,,,,,,,,,,,,,,,,,,
